Link,Status,User_ID
https://www.facebook.com/groups/588844503184094/user/1543922287/,1,1543922287
https://www.facebook.com/groups/338131402554895/user/1819072523/,1,1819072523
https://www.facebook.com/groups/338131402554895/user/61550813439002/,1,61550813439002
https://www.facebook.com/groups/338131402554895/user/61550921482412/,1,61550921482412
https://www.facebook.com/groups/588844503184094/user/61550961027794/,1,61550961027794
https://www.facebook.com/groups/338131402554895/user/61550998631152/,1,61550998631152
https://www.facebook.com/groups/338131402554895/user/61551051420768/,1,61551051420768
https://www.facebook.com/groups/588844503184094/user/61551067163673/,1,61551067163673
https://www.facebook.com/groups/588844503184094/user/61551607269751/,1,61551607269751
https://www.facebook.com/groups/338131402554895/user/61551780033513/,1,61551780033513
https://www.facebook.com/groups/588844503184094/user/61551833263972/,1,61551833263972
https://www.facebook.com/groups/588844503184094/user/61552106198565/,0,61552106198565
https://www.facebook.com/groups/588844503184094/user/61552178978893/,1,61552178978893
https://www.facebook.com/groups/588844503184094/user/61552432386470/,1,61552432386470
https://www.facebook.com/groups/588844503184094/user/61552953680863/,1,61552953680863
https://www.facebook.com/groups/338131402554895/user/61553098091283/,0,61553098091283
https://www.facebook.com/groups/588844503184094/user/61553258565756/,1,61553258565756
https://www.facebook.com/groups/588844503184094/user/61553977438379/,0,61553977438379
https://www.facebook.com/groups/338131402554895/user/61554062324088/,1,61554062324088
https://www.facebook.com/groups/338131402554895/user/61554236423092/,0,61554236423092
https://www.facebook.com/groups/338131402554895/user/61554560881064/,1,61554560881064
https://www.facebook.com/groups/338131402554895/user/61554647022665/,0,61554647022665
https://www.facebook.com/groups/338131402554895/user/61554821667522/,0,61554821667522
https://www.facebook.com/groups/338131402554895/user/61554985589837/,0,61554985589837
https://www.facebook.com/groups/588844503184094/user/61555777632368/,0,61555777632368
https://www.facebook.com/groups/588844503184094/user/61555777900201/,0,61555777900201
https://www.facebook.com/groups/588844503184094/user/61556010602515/,0,61556010602515
https://www.facebook.com/groups/338131402554895/user/61556192927827/,0,61556192927827
https://www.facebook.com/groups/338131402554895/user/61556582427619/,0,61556582427619
https://www.facebook.com/groups/338131402554895/user/61556594680944/,0,61556594680944
https://www.facebook.com/groups/588844503184094/user/61557168773900/,0,61557168773900
https://www.facebook.com/groups/338131402554895/user/61557235829748/,0,61557235829748
https://www.facebook.com/groups/588844503184094/user/61557266167115/,0,61557266167115
https://www.facebook.com/groups/588844503184094/user/61557272133423/,0,61557272133423
https://www.facebook.com/groups/338131402554895/user/61557680141764/,0,61557680141764
https://www.facebook.com/groups/338131402554895/user/61557695531543/,0,61557695531543
https://www.facebook.com/groups/588844503184094/user/61558049574796/,0,61558049574796
https://www.facebook.com/groups/338131402554895/user/61558378961107/,0,61558378961107
https://www.facebook.com/groups/338131402554895/user/61558526930555/,0,61558526930555
https://www.facebook.com/groups/338131402554895/user/61558637187644/,0,61558637187644
https://www.facebook.com/groups/588844503184094/user/61559624330243/,0,61559624330243
https://www.facebook.com/groups/588844503184094/user/61560131997129/,0,61560131997129
https://www.facebook.com/groups/588844503184094/user/61560202163444/,0,61560202163444
https://www.facebook.com/groups/338131402554895/user/61560418169584/,0,61560418169584
https://www.facebook.com/groups/338131402554895/user/61560474943395/,0,61560474943395
https://www.facebook.com/groups/338131402554895/user/61560567008285/,0,61560567008285
https://www.facebook.com/groups/588844503184094/user/61561302913826/,0,61561302913826
https://www.facebook.com/groups/338131402554895/user/61561380098776/,0,61561380098776
https://www.facebook.com/groups/588844503184094/user/61561492709917/,0,61561492709917
https://www.facebook.com/groups/338131402554895/user/61561763366523/,0,61561763366523
https://www.facebook.com/groups/338131402554895/user/61561763366523/,0,61561763366523
https://www.facebook.com/groups/338131402554895/user/61561859232683/,0,61561859232683
https://www.facebook.com/groups/588844503184094/user/61562003140028/,0,61562003140028
https://www.facebook.com/groups/588844503184094/user/61562140772309/,0,61562140772309
https://www.facebook.com/groups/588844503184094/user/61562700035445/,0,61562700035445
https://www.facebook.com/groups/338131402554895/user/61563994972847/,0,61563994972847
https://www.facebook.com/groups/338131402554895/user/61564128385116/,0,61564128385116
https://www.facebook.com/groups/338131402554895/user/61564430072023/,0,61564430072023
https://www.facebook.com/groups/588844503184094/user/61564449030640/,0,61564449030640
https://www.facebook.com/groups/588844503184094/user/61565420805776/,0,61565420805776
https://www.facebook.com/groups/338131402554895/user/61565473496044/,0,61565473496044
https://www.facebook.com/groups/338131402554895/user/61565823478026/,0,61565823478026
https://www.facebook.com/groups/588844503184094/user/61566136403140/,0,61566136403140
https://www.facebook.com/groups/588844503184094/user/61566191947458/,0,61566191947458
https://www.facebook.com/groups/338131402554895/user/61566321653754/,0,61566321653754
https://www.facebook.com/groups/588844503184094/user/61566560529739/,0,61566560529739
https://www.facebook.com/groups/588844503184094/user/61567042499901/,0,61567042499901
https://www.facebook.com/groups/338131402554895/user/61567652870811/,0,61567652870811
https://www.facebook.com/groups/588844503184094/user/61568770773633/,0,61568770773633
https://www.facebook.com/groups/338131402554895/user/61569692277515/,0,61569692277515
https://www.facebook.com/groups/588844503184094/user/61570152389126/,0,61570152389126
https://www.facebook.com/groups/588844503184094/user/61570982241495/,0,61570982241495
https://www.facebook.com/groups/338131402554895/user/61571099626349/,0,61571099626349
https://www.facebook.com/groups/338131402554895/user/61572167789539/,0,61572167789539
https://www.facebook.com/groups/338131402554895/user/61572532526119/,0,61572532526119
https://www.facebook.com/groups/588844503184094/user/61572656144790/,0,61572656144790
https://www.facebook.com/groups/588844503184094/user/61573003244716/,0,61573003244716
https://www.facebook.com/groups/338131402554895/user/61573010104077/,0,61573010104077
https://www.facebook.com/groups/338131402554895/user/61573061276736/,0,61573061276736
https://www.facebook.com/groups/588844503184094/user/61573383033120/,0,61573383033120
https://www.facebook.com/groups/338131402554895/user/61573387805779/,0,61573387805779
https://www.facebook.com/groups/338131402554895/user/61573460793258/,0,61573460793258
https://www.facebook.com/groups/338131402554895/user/61573464099752/,0,61573464099752
https://www.facebook.com/groups/588844503184094/user/61573654877277/,0,61573654877277
https://www.facebook.com/groups/588844503184094/user/61573680933652/,0,61573680933652
https://www.facebook.com/groups/588844503184094/user/61573720593639/,0,61573720593639
https://www.facebook.com/groups/588844503184094/user/61573794370440/,0,61573794370440
https://www.facebook.com/groups/338131402554895/user/61573796975376/,0,61573796975376
https://www.facebook.com/groups/338131402554895/user/61574003490130/,0,61574003490130
https://www.facebook.com/groups/588844503184094/user/61574123241302/,0,61574123241302
https://www.facebook.com/groups/588844503184094/user/100000668083423/,0,100000668083423
https://www.facebook.com/groups/338131402554895/user/100000774796500/,0,100000774796500
https://www.facebook.com/groups/588844503184094/user/100000898407177/,0,100000898407177
https://www.facebook.com/groups/338131402554895/user/100000918627352/,0,100000918627352
https://www.facebook.com/groups/588844503184094/user/100001694780656/,0,100001694780656
https://www.facebook.com/groups/588844503184094/user/100001833256715/,0,100001833256715
https://www.facebook.com/groups/588844503184094/user/100001875515823/,0,100001875515823
https://www.facebook.com/groups/338131402554895/user/100002823460920/,0,100002823460920
https://www.facebook.com/groups/588844503184094/user/100002953851411/,0,100002953851411
https://www.facebook.com/groups/338131402554895/user/100003046057133/,0,100003046057133
https://www.facebook.com/groups/338131402554895/user/100003168500514/,0,100003168500514
https://www.facebook.com/groups/338131402554895/user/100003271177100/,0,100003271177100
https://www.facebook.com/groups/588844503184094/user/100003596586198/,0,100003596586198
https://www.facebook.com/groups/338131402554895/user/100003652387388/,0,100003652387388
https://www.facebook.com/groups/588844503184094/user/100003691988773/,0,100003691988773
https://www.facebook.com/groups/338131402554895/user/100003746064155/,0,100003746064155
https://www.facebook.com/groups/588844503184094/user/100003801440688/,0,100003801440688
https://www.facebook.com/groups/588844503184094/user/100003919053470/,0,100003919053470
https://www.facebook.com/groups/588844503184094/user/100004060157129/,0,100004060157129
https://www.facebook.com/groups/588844503184094/user/100004067796546/,0,100004067796546
https://www.facebook.com/groups/588844503184094/user/100004095492674/,0,100004095492674
https://www.facebook.com/groups/588844503184094/user/100004119311408/,0,100004119311408
https://www.facebook.com/groups/588844503184094/user/100004181920271/,0,100004181920271
https://www.facebook.com/groups/588844503184094/user/100004223291061/,0,100004223291061
https://www.facebook.com/groups/338131402554895/user/100004247134920/,0,100004247134920
https://www.facebook.com/groups/338131402554895/user/100004285605416/,0,100004285605416
https://www.facebook.com/groups/338131402554895/user/100004365075202/,0,100004365075202
https://www.facebook.com/groups/338131402554895/user/100004378659859/,0,100004378659859
https://www.facebook.com/groups/338131402554895/user/100004578997549/,0,100004578997549
https://www.facebook.com/groups/588844503184094/user/100004603036842/,0,100004603036842
https://www.facebook.com/groups/338131402554895/user/100004610142876/,0,100004610142876
https://www.facebook.com/groups/588844503184094/user/100004623008009/,0,100004623008009
https://www.facebook.com/groups/338131402554895/user/100004626246443/,0,100004626246443
https://www.facebook.com/groups/338131402554895/user/100004654180312/,0,100004654180312
https://www.facebook.com/groups/338131402554895/user/100004672175935/,0,100004672175935
https://www.facebook.com/groups/588844503184094/user/100004799084370/,0,100004799084370
https://www.facebook.com/groups/338131402554895/user/100004816110905/,0,100004816110905
https://www.facebook.com/groups/338131402554895/user/100004818163250/,0,100004818163250
https://www.facebook.com/groups/338131402554895/user/100004838717138/,0,100004838717138
https://www.facebook.com/groups/338131402554895/user/100004970793137/,0,100004970793137
https://www.facebook.com/groups/588844503184094/user/100004995154792/,0,100004995154792
https://www.facebook.com/groups/338131402554895/user/100005068122452/,0,100005068122452
https://www.facebook.com/groups/338131402554895/user/100005188424588/,0,100005188424588
https://www.facebook.com/groups/588844503184094/user/100005407501414/,0,100005407501414
https://www.facebook.com/groups/338131402554895/user/100005458716871/,0,100005458716871
https://www.facebook.com/groups/588844503184094/user/100005475907600/,0,100005475907600
https://www.facebook.com/groups/588844503184094/user/100005520917042/,0,100005520917042
https://www.facebook.com/groups/338131402554895/user/100005536926369/,0,100005536926369
https://www.facebook.com/groups/588844503184094/user/100005624498924/,0,100005624498924
https://www.facebook.com/groups/338131402554895/user/100005946550179/,0,100005946550179
https://www.facebook.com/groups/588844503184094/user/100006008043427/,0,100006008043427
https://www.facebook.com/groups/338131402554895/user/100006061121258/,0,100006061121258
https://www.facebook.com/groups/338131402554895/user/100006394665795/,0,100006394665795
https://www.facebook.com/groups/588844503184094/user/100006435914025/,0,100006435914025
https://www.facebook.com/groups/338131402554895/user/100006455743501/,0,100006455743501
https://www.facebook.com/groups/338131402554895/user/100006478543071/,0,100006478543071
https://www.facebook.com/groups/588844503184094/user/100006495431176/,0,100006495431176
https://www.facebook.com/groups/338131402554895/user/100006576888062/,0,100006576888062
https://www.facebook.com/groups/338131402554895/user/100006605717590/,0,100006605717590
https://www.facebook.com/groups/338131402554895/user/100006744820035/,0,100006744820035
https://www.facebook.com/groups/588844503184094/user/100006754713364/,0,100006754713364
https://www.facebook.com/groups/588844503184094/user/100006869413448/,0,100006869413448
https://www.facebook.com/groups/588844503184094/user/100006899085853/,0,100006899085853
https://www.facebook.com/groups/338131402554895/user/100006986956241/,0,100006986956241
https://www.facebook.com/groups/338131402554895/user/100006988092167/,0,100006988092167
https://www.facebook.com/groups/588844503184094/user/100007212310224/,0,100007212310224
https://www.facebook.com/groups/588844503184094/user/100007244204829/,0,100007244204829
https://www.facebook.com/groups/588844503184094/user/100007337862885/,0,100007337862885
https://www.facebook.com/groups/588844503184094/user/100007445087465/,0,100007445087465
https://www.facebook.com/groups/338131402554895/user/100007622026334/,0,100007622026334
https://www.facebook.com/groups/588844503184094/user/100007670886462/,0,100007670886462
https://www.facebook.com/groups/338131402554895/user/100007689361652/,0,100007689361652
https://www.facebook.com/groups/338131402554895/user/100007862705811/,0,100007862705811
https://www.facebook.com/groups/588844503184094/user/100007871794554/,0,100007871794554
https://www.facebook.com/groups/588844503184094/user/100007947818862/,0,100007947818862
https://www.facebook.com/groups/588844503184094/user/100007982643554/,0,100007982643554
https://www.facebook.com/groups/338131402554895/user/100008006680247/,0,100008006680247
https://www.facebook.com/groups/338131402554895/user/100008073669668/,0,100008073669668
https://www.facebook.com/groups/588844503184094/user/100008141239346/,0,100008141239346
https://www.facebook.com/groups/338131402554895/user/100008198715088/,0,100008198715088
https://www.facebook.com/groups/338131402554895/user/100008236208788/,0,100008236208788
https://www.facebook.com/groups/338131402554895/user/100008329501634/,0,100008329501634
https://www.facebook.com/groups/338131402554895/user/100008470091943/,0,100008470091943
https://www.facebook.com/groups/338131402554895/user/100008670576848/,0,100008670576848
https://www.facebook.com/groups/338131402554895/user/100008683329658/,0,100008683329658
https://www.facebook.com/groups/338131402554895/user/100008864950344/,0,100008864950344
https://www.facebook.com/groups/338131402554895/user/100008894890465/,0,100008894890465
https://www.facebook.com/groups/338131402554895/user/100009095212792/,0,100009095212792
https://www.facebook.com/groups/338131402554895/user/100009151157267/,0,100009151157267
https://www.facebook.com/groups/588844503184094/user/100009197820527/,0,100009197820527
https://www.facebook.com/groups/588844503184094/user/100009202489295/,0,100009202489295
https://www.facebook.com/groups/588844503184094/user/100009210677368/,0,100009210677368
https://www.facebook.com/groups/588844503184094/user/100009314017724/,0,100009314017724
https://www.facebook.com/groups/338131402554895/user/100009324231450/,0,100009324231450
https://www.facebook.com/groups/588844503184094/user/100009430277635/,0,100009430277635
https://www.facebook.com/groups/338131402554895/user/100009469767569/,0,100009469767569
https://www.facebook.com/groups/588844503184094/user/100009655783188/,0,100009655783188
https://www.facebook.com/groups/338131402554895/user/100009675548408/,0,100009675548408
https://www.facebook.com/groups/338131402554895/user/100009684168378/,0,100009684168378
https://www.facebook.com/groups/338131402554895/user/100009787607164/,0,100009787607164
https://www.facebook.com/groups/338131402554895/user/100009830495540/,0,100009830495540
https://www.facebook.com/groups/588844503184094/user/100009846155015/,0,100009846155015
https://www.facebook.com/groups/588844503184094/user/100010113603417/,0,100010113603417
https://www.facebook.com/groups/338131402554895/user/100010120189041/,0,100010120189041
https://www.facebook.com/groups/338131402554895/user/100010169766228/,0,100010169766228
https://www.facebook.com/groups/338131402554895/user/100010185790346/,0,100010185790346
https://www.facebook.com/groups/588844503184094/user/100010285962575/,0,100010285962575
https://www.facebook.com/groups/588844503184094/user/100010321513562/,0,100010321513562
https://www.facebook.com/groups/338131402554895/user/100010323457989/,0,100010323457989
https://www.facebook.com/groups/338131402554895/user/100010478717300/,0,100010478717300
https://www.facebook.com/groups/338131402554895/user/100010561997167/,0,100010561997167
https://www.facebook.com/groups/588844503184094/user/100010603680155/,0,100010603680155
https://www.facebook.com/groups/338131402554895/user/100010626906590/,0,100010626906590
https://www.facebook.com/groups/588844503184094/user/100010679674804/,0,100010679674804
https://www.facebook.com/groups/338131402554895/user/100010843187705/,0,100010843187705
https://www.facebook.com/groups/588844503184094/user/100011002782380/,0,100011002782380
https://www.facebook.com/groups/588844503184094/user/100011291550897/,0,100011291550897
https://www.facebook.com/groups/338131402554895/user/100011303569086/,0,100011303569086
https://www.facebook.com/groups/338131402554895/user/100011362601079/,0,100011362601079
https://www.facebook.com/groups/588844503184094/user/100011370225466/,0,100011370225466
https://www.facebook.com/groups/588844503184094/user/100011416830624/,0,100011416830624
https://www.facebook.com/groups/588844503184094/user/100011517639614/,0,100011517639614
https://www.facebook.com/groups/338131402554895/user/100011600403452/,0,100011600403452
https://www.facebook.com/groups/338131402554895/user/100011670796530/,0,100011670796530
https://www.facebook.com/groups/588844503184094/user/100011787676787/,0,100011787676787
https://www.facebook.com/groups/588844503184094/user/100011863981574/,0,100011863981574
https://www.facebook.com/groups/588844503184094/user/100012189216345/,0,100012189216345
https://www.facebook.com/groups/338131402554895/user/100012358535662/,0,100012358535662
https://www.facebook.com/groups/338131402554895/user/100012421008509/,0,100012421008509
https://www.facebook.com/groups/338131402554895/user/100012472592641/,0,100012472592641
https://www.facebook.com/groups/588844503184094/user/100012505126836/,0,100012505126836
https://www.facebook.com/groups/338131402554895/user/100012533507195/,0,100012533507195
https://www.facebook.com/groups/338131402554895/user/100012625410272/,0,100012625410272
https://www.facebook.com/groups/338131402554895/user/100012665677103/,0,100012665677103
https://www.facebook.com/groups/588844503184094/user/100012708247187/,0,100012708247187
https://www.facebook.com/groups/588844503184094/user/100012821136648/,0,100012821136648
https://www.facebook.com/groups/338131402554895/user/100012885439253/,0,100012885439253
https://www.facebook.com/groups/338131402554895/user/100013035047023/,0,100013035047023
https://www.facebook.com/groups/588844503184094/user/100013128079000/,0,100013128079000
https://www.facebook.com/groups/338131402554895/user/100013186027381/,0,100013186027381
https://www.facebook.com/groups/588844503184094/user/100013450845516/,0,100013450845516
https://www.facebook.com/groups/588844503184094/user/100013559835590/,0,100013559835590
https://www.facebook.com/groups/588844503184094/user/100013925590860/,0,100013925590860
https://www.facebook.com/groups/588844503184094/user/100014023561654/,0,100014023561654
https://www.facebook.com/groups/588844503184094/user/100014163335100/,0,100014163335100
https://www.facebook.com/groups/338131402554895/user/100014211972223/,0,100014211972223
https://www.facebook.com/groups/588844503184094/user/100014447530081/,0,100014447530081
https://www.facebook.com/groups/338131402554895/user/100014501177628/,0,100014501177628
https://www.facebook.com/groups/588844503184094/user/100014602155995/,0,100014602155995
https://www.facebook.com/groups/338131402554895/user/100014637404752/,0,100014637404752
https://www.facebook.com/groups/588844503184094/user/100014908482134/,0,100014908482134
https://www.facebook.com/groups/338131402554895/user/100014925283927/,0,100014925283927
https://www.facebook.com/groups/588844503184094/user/100014939011244/,0,100014939011244
https://www.facebook.com/groups/338131402554895/user/100015056747411/,0,100015056747411
https://www.facebook.com/groups/588844503184094/user/100015120407488/,0,100015120407488
https://www.facebook.com/groups/588844503184094/user/100015174073997/,0,100015174073997
https://www.facebook.com/groups/338131402554895/user/100015212681699/,0,100015212681699
https://www.facebook.com/groups/338131402554895/user/100015503776351/,0,100015503776351
https://www.facebook.com/groups/588844503184094/user/100015503982072/,0,100015503982072
https://www.facebook.com/groups/588844503184094/user/100015514396698/,0,100015514396698
https://www.facebook.com/groups/338131402554895/user/100015578387624/,0,100015578387624
https://www.facebook.com/groups/338131402554895/user/100015633339557/,0,100015633339557
https://www.facebook.com/groups/338131402554895/user/100015713374540/,0,100015713374540
https://www.facebook.com/groups/588844503184094/user/100015750573558/,0,100015750573558
https://www.facebook.com/groups/588844503184094/user/100015755288186/,0,100015755288186
https://www.facebook.com/groups/588844503184094/user/100015980470690/,0,100015980470690
https://www.facebook.com/groups/588844503184094/user/100016065946106/,0,100016065946106
https://www.facebook.com/groups/588844503184094/user/100016383515649/,0,100016383515649
https://www.facebook.com/groups/588844503184094/user/100016758694331/,0,100016758694331
https://www.facebook.com/groups/588844503184094/user/100016787178600/,0,100016787178600
https://www.facebook.com/groups/338131402554895/user/100016972530514/,0,100016972530514
https://www.facebook.com/groups/338131402554895/user/100017025423043/,0,100017025423043
https://www.facebook.com/groups/338131402554895/user/100017380123029/,0,100017380123029
https://www.facebook.com/groups/588844503184094/user/100017713937734/,0,100017713937734
https://www.facebook.com/groups/338131402554895/user/100017954231408/,0,100017954231408
https://www.facebook.com/groups/588844503184094/user/100018197020578/,0,100018197020578
https://www.facebook.com/groups/588844503184094/user/100018604536100/,0,100018604536100
https://www.facebook.com/groups/588844503184094/user/100018788382644/,0,100018788382644
https://www.facebook.com/groups/588844503184094/user/100019231756061/,0,100019231756061
https://www.facebook.com/groups/588844503184094/user/100019548908311/,0,100019548908311
https://www.facebook.com/groups/588844503184094/user/100020102109081/,0,100020102109081
https://www.facebook.com/groups/588844503184094/user/100020670125013/,0,100020670125013
https://www.facebook.com/groups/588844503184094/user/100020686627562/,0,100020686627562
https://www.facebook.com/groups/588844503184094/user/100020901067643/,0,100020901067643
https://www.facebook.com/groups/588844503184094/user/100021676485193/,0,100021676485193
https://www.facebook.com/groups/588844503184094/user/100021687583536/,0,100021687583536
https://www.facebook.com/groups/588844503184094/user/100021689622494/,0,100021689622494
https://www.facebook.com/groups/588844503184094/user/100021764203499/,0,100021764203499
https://www.facebook.com/groups/338131402554895/user/100021825430661/,0,100021825430661
https://www.facebook.com/groups/588844503184094/user/100021990660294/,0,100021990660294
https://www.facebook.com/groups/588844503184094/user/100022040171779/,0,100022040171779
https://www.facebook.com/groups/338131402554895/user/100022098615749/,0,100022098615749
https://www.facebook.com/groups/338131402554895/user/100022116310572/,0,100022116310572
https://www.facebook.com/groups/338131402554895/user/100022239474099/,0,100022239474099
https://www.facebook.com/groups/588844503184094/user/100022314934119/,0,100022314934119
https://www.facebook.com/groups/588844503184094/user/100022348870993/,0,100022348870993
https://www.facebook.com/groups/338131402554895/user/100022363936455/,0,100022363936455
https://www.facebook.com/groups/588844503184094/user/100022440981815/,0,100022440981815
https://www.facebook.com/groups/338131402554895/user/100022496420008/,0,100022496420008
https://www.facebook.com/groups/588844503184094/user/100022880318170/,0,100022880318170
https://www.facebook.com/groups/588844503184094/user/100022889436802/,0,100022889436802
https://www.facebook.com/groups/338131402554895/user/100022896098216/,0,100022896098216
https://www.facebook.com/groups/588844503184094/user/100022906598380/,0,100022906598380
https://www.facebook.com/groups/338131402554895/user/100023116513978/,0,100023116513978
https://www.facebook.com/groups/338131402554895/user/100023512189595/,0,100023512189595
https://www.facebook.com/groups/588844503184094/user/100023652459569/,0,100023652459569
https://www.facebook.com/groups/338131402554895/user/100023726234140/,0,100023726234140
https://www.facebook.com/groups/588844503184094/user/100023845394536/,0,100023845394536
https://www.facebook.com/groups/338131402554895/user/100024118354777/,0,100024118354777
https://www.facebook.com/groups/588844503184094/user/100024184578308/,0,100024184578308
https://www.facebook.com/groups/338131402554895/user/100024360160721/,0,100024360160721
https://www.facebook.com/groups/338131402554895/user/100024426368525/,0,100024426368525
https://www.facebook.com/groups/588844503184094/user/100024577568354/,0,100024577568354
https://www.facebook.com/groups/588844503184094/user/100024831240743/,0,100024831240743
https://www.facebook.com/groups/338131402554895/user/100025037077977/,0,100025037077977
https://www.facebook.com/groups/588844503184094/user/100025117902510/,0,100025117902510
https://www.facebook.com/groups/588844503184094/user/100025197699222/,0,100025197699222
https://www.facebook.com/groups/338131402554895/user/100025277739048/,0,100025277739048
https://www.facebook.com/groups/588844503184094/user/100025456971565/,0,100025456971565
https://www.facebook.com/groups/338131402554895/user/100025491314059/,0,100025491314059
https://www.facebook.com/groups/338131402554895/user/100025506274172/,0,100025506274172
https://www.facebook.com/groups/588844503184094/user/100025556417128/,0,100025556417128
https://www.facebook.com/groups/588844503184094/user/100025641695046/,0,100025641695046
https://www.facebook.com/groups/588844503184094/user/100026074430504/,0,100026074430504
https://www.facebook.com/groups/588844503184094/user/100026383745884/,0,100026383745884
https://www.facebook.com/groups/338131402554895/user/100026432226076/,0,100026432226076
https://www.facebook.com/groups/338131402554895/user/100026615691541/,0,100026615691541
https://www.facebook.com/groups/588844503184094/user/100026685303457/,0,100026685303457
https://www.facebook.com/groups/338131402554895/user/100026804499489/,0,100026804499489
https://www.facebook.com/groups/588844503184094/user/100026927481403/,0,100026927481403
https://www.facebook.com/groups/338131402554895/user/100026929114521/,0,100026929114521
https://www.facebook.com/groups/338131402554895/user/100026969661231/,0,100026969661231
https://www.facebook.com/groups/338131402554895/user/100026969990650/,0,100026969990650
https://www.facebook.com/groups/338131402554895/user/100026979972329/,0,100026979972329
https://www.facebook.com/groups/588844503184094/user/100027016170062/,0,100027016170062
https://www.facebook.com/groups/338131402554895/user/100027066553161/,0,100027066553161
https://www.facebook.com/groups/338131402554895/user/100027130501804/,0,100027130501804
https://www.facebook.com/groups/338131402554895/user/100027384134092/,0,100027384134092
https://www.facebook.com/groups/588844503184094/user/100027410058884/,0,100027410058884
https://www.facebook.com/groups/338131402554895/user/100027420712010/,0,100027420712010
https://www.facebook.com/groups/338131402554895/user/100027487774848/,0,100027487774848
https://www.facebook.com/groups/588844503184094/user/100027611237525/,0,100027611237525
https://www.facebook.com/groups/588844503184094/user/100027612210458/,0,100027612210458
https://www.facebook.com/groups/588844503184094/user/100027614525432/,0,100027614525432
https://www.facebook.com/groups/338131402554895/user/100027737527121/,0,100027737527121
https://www.facebook.com/groups/338131402554895/user/100027790637161/,0,100027790637161
https://www.facebook.com/groups/338131402554895/user/100027901581216/,0,100027901581216
https://www.facebook.com/groups/588844503184094/user/100027994032703/,0,100027994032703
https://www.facebook.com/groups/588844503184094/user/100028077431004/,0,100028077431004
https://www.facebook.com/groups/338131402554895/user/100028298686055/,0,100028298686055
https://www.facebook.com/groups/338131402554895/user/100028471903718/,0,100028471903718
https://www.facebook.com/groups/338131402554895/user/100028544074589/,0,100028544074589
https://www.facebook.com/groups/338131402554895/user/100028634595338/,0,100028634595338
https://www.facebook.com/groups/588844503184094/user/100028818420774/,0,100028818420774
https://www.facebook.com/groups/588844503184094/user/100028845308676/,0,100028845308676
https://www.facebook.com/groups/338131402554895/user/100028846342065/,0,100028846342065
https://www.facebook.com/groups/338131402554895/user/100028955870329/,0,100028955870329
https://www.facebook.com/groups/588844503184094/user/100028968271304/,0,100028968271304
https://www.facebook.com/groups/338131402554895/user/100029394999357/,0,100029394999357
https://www.facebook.com/groups/338131402554895/user/100029474716078/,0,100029474716078
https://www.facebook.com/groups/588844503184094/user/100030161642827/,0,100030161642827
https://www.facebook.com/groups/338131402554895/user/100030506029129/,0,100030506029129
https://www.facebook.com/groups/588844503184094/user/100030506676632/,0,100030506676632
https://www.facebook.com/groups/588844503184094/user/100030675780624/,0,100030675780624
https://www.facebook.com/groups/338131402554895/user/100030733921998/,0,100030733921998
https://www.facebook.com/groups/588844503184094/user/100030780609316/,0,100030780609316
https://www.facebook.com/groups/338131402554895/user/100031035551221/,0,100031035551221
https://www.facebook.com/groups/338131402554895/user/100031249207435/,0,100031249207435
https://www.facebook.com/groups/588844503184094/user/100031582664269/,0,100031582664269
https://www.facebook.com/groups/588844503184094/user/100032031228484/,0,100032031228484
https://www.facebook.com/groups/338131402554895/user/100032135752564/,0,100032135752564
https://www.facebook.com/groups/338131402554895/user/100032220582246/,0,100032220582246
https://www.facebook.com/groups/588844503184094/user/100032483001834/,0,100032483001834
https://www.facebook.com/groups/588844503184094/user/100032618650054/,0,100032618650054
https://www.facebook.com/groups/588844503184094/user/100033091746817/,0,100033091746817
https://www.facebook.com/groups/338131402554895/user/100033256220811/,0,100033256220811
https://www.facebook.com/groups/588844503184094/user/100033288499341/,0,100033288499341
https://www.facebook.com/groups/338131402554895/user/100033422681860/,0,100033422681860
https://www.facebook.com/groups/338131402554895/user/100033630470226/,0,100033630470226
https://www.facebook.com/groups/588844503184094/user/100033670849126/,0,100033670849126
https://www.facebook.com/groups/588844503184094/user/100033921252284/,0,100033921252284
https://www.facebook.com/groups/588844503184094/user/100034014915656/,0,100034014915656
https://www.facebook.com/groups/338131402554895/user/100034177417568/,0,100034177417568
https://www.facebook.com/groups/338131402554895/user/100034242787611/,0,100034242787611
https://www.facebook.com/groups/588844503184094/user/100034291794387/,0,100034291794387
https://www.facebook.com/groups/338131402554895/user/100034456270116/,0,100034456270116
https://www.facebook.com/groups/588844503184094/user/100034638698112/,0,100034638698112
https://www.facebook.com/groups/338131402554895/user/100034717278217/,0,100034717278217
https://www.facebook.com/groups/588844503184094/user/100034839785968/,0,100034839785968
https://www.facebook.com/groups/338131402554895/user/100034959693857/,0,100034959693857
https://www.facebook.com/groups/588844503184094/user/100035062690223/,0,100035062690223
https://www.facebook.com/groups/338131402554895/user/100035093092778/,0,100035093092778
https://www.facebook.com/groups/588844503184094/user/100035357451300/,0,100035357451300
https://www.facebook.com/groups/338131402554895/user/100035679947951/,0,100035679947951
https://www.facebook.com/groups/588844503184094/user/100035838904417/,0,100035838904417
https://www.facebook.com/groups/338131402554895/user/100035910073642/,0,100035910073642
https://www.facebook.com/groups/588844503184094/user/100036013089077/,0,100036013089077
https://www.facebook.com/groups/588844503184094/user/100036373218990/,0,100036373218990
https://www.facebook.com/groups/588844503184094/user/100036600247207/,0,100036600247207
https://www.facebook.com/groups/588844503184094/user/100037184716264/,0,100037184716264
https://www.facebook.com/groups/338131402554895/user/100037559581319/,0,100037559581319
https://www.facebook.com/groups/588844503184094/user/100037947562910/,0,100037947562910
https://www.facebook.com/groups/588844503184094/user/100038019991252/,0,100038019991252
https://www.facebook.com/groups/338131402554895/user/100038401241993/,0,100038401241993
https://www.facebook.com/groups/338131402554895/user/100038532840810/,0,100038532840810
https://www.facebook.com/groups/338131402554895/user/100038681379989/,0,100038681379989
https://www.facebook.com/groups/588844503184094/user/100038696379917/,0,100038696379917
https://www.facebook.com/groups/588844503184094/user/100038776431423/,0,100038776431423
https://www.facebook.com/groups/588844503184094/user/100038852914265/,0,100038852914265
https://www.facebook.com/groups/588844503184094/user/100038922219065/,0,100038922219065
https://www.facebook.com/groups/338131402554895/user/100039014902789/,0,100039014902789
https://www.facebook.com/groups/588844503184094/user/100039051670184/,0,100039051670184
https://www.facebook.com/groups/588844503184094/user/100039068024392/,0,100039068024392
https://www.facebook.com/groups/588844503184094/user/100039157654151/,0,100039157654151
https://www.facebook.com/groups/338131402554895/user/100039293796840/,0,100039293796840
https://www.facebook.com/groups/338131402554895/user/100039764770153/,0,100039764770153
https://www.facebook.com/groups/338131402554895/user/100039765222712/,0,100039765222712
https://www.facebook.com/groups/588844503184094/user/100039770739461/,0,100039770739461
https://www.facebook.com/groups/338131402554895/user/100039773679017/,0,100039773679017
https://www.facebook.com/groups/338131402554895/user/100039794873054/,0,100039794873054
https://www.facebook.com/groups/338131402554895/user/100039945789732/,0,100039945789732
https://www.facebook.com/groups/588844503184094/user/100039963188245/,0,100039963188245
https://www.facebook.com/groups/588844503184094/user/100039997786392/,0,100039997786392
https://www.facebook.com/groups/338131402554895/user/100040182192959/,0,100040182192959
https://www.facebook.com/groups/338131402554895/user/100040213641844/,0,100040213641844
https://www.facebook.com/groups/338131402554895/user/100040224134153/,0,100040224134153
https://www.facebook.com/groups/588844503184094/user/100040256479968/,0,100040256479968
https://www.facebook.com/groups/588844503184094/user/100040322340055/,0,100040322340055
https://www.facebook.com/groups/588844503184094/user/100040337013563/,0,100040337013563
https://www.facebook.com/groups/338131402554895/user/100040349497276/,0,100040349497276
https://www.facebook.com/groups/338131402554895/user/100040417025715/,0,100040417025715
https://www.facebook.com/groups/338131402554895/user/100040464124577/,0,100040464124577
https://www.facebook.com/groups/338131402554895/user/100040473468474/,0,100040473468474
https://www.facebook.com/groups/338131402554895/user/100040492668421/,0,100040492668421
https://www.facebook.com/groups/338131402554895/user/100040537351859/,0,100040537351859
https://www.facebook.com/groups/338131402554895/user/100040747680360/,0,100040747680360
https://www.facebook.com/groups/338131402554895/user/100040888715430/,0,100040888715430
https://www.facebook.com/groups/338131402554895/user/100040950998150/,0,100040950998150
https://www.facebook.com/groups/338131402554895/user/100040953709690/,0,100040953709690
https://www.facebook.com/groups/588844503184094/user/100041042513016/,0,100041042513016
https://www.facebook.com/groups/588844503184094/user/100041043250189/,0,100041043250189
https://www.facebook.com/groups/588844503184094/user/100041067841646/,0,100041067841646
https://www.facebook.com/groups/338131402554895/user/100041129805998/,0,100041129805998
https://www.facebook.com/groups/588844503184094/user/100041418883285/,0,100041418883285
https://www.facebook.com/groups/338131402554895/user/100041469918072/,0,100041469918072
https://www.facebook.com/groups/338131402554895/user/100041542571507/,0,100041542571507
https://www.facebook.com/groups/588844503184094/user/100041593461038/,0,100041593461038
https://www.facebook.com/groups/588844503184094/user/100041682526079/,0,100041682526079
https://www.facebook.com/groups/338131402554895/user/100041910000599/,0,100041910000599
https://www.facebook.com/groups/588844503184094/user/100042029865114/,0,100042029865114
https://www.facebook.com/groups/588844503184094/user/100042106492585/,0,100042106492585
https://www.facebook.com/groups/338131402554895/user/100043273571498/,0,100043273571498
https://www.facebook.com/groups/338131402554895/user/100043323242664/,0,100043323242664
https://www.facebook.com/groups/588844503184094/user/100044134363540/,0,100044134363540
https://www.facebook.com/groups/338131402554895/user/100044213752970/,0,100044213752970
https://www.facebook.com/groups/588844503184094/user/100044527654149/,0,100044527654149
https://www.facebook.com/groups/338131402554895/user/100044770196552/,0,100044770196552
https://www.facebook.com/groups/338131402554895/user/100044909524252/,0,100044909524252
https://www.facebook.com/groups/338131402554895/user/100044980260483/,0,100044980260483
https://www.facebook.com/groups/588844503184094/user/100045135471734/,0,100045135471734
https://www.facebook.com/groups/338131402554895/user/100045322579557/,0,100045322579557
https://www.facebook.com/groups/338131402554895/user/100045478060171/,0,100045478060171
https://www.facebook.com/groups/588844503184094/user/100045668642944/,0,100045668642944
https://www.facebook.com/groups/338131402554895/user/100045821731897/,0,100045821731897
https://www.facebook.com/groups/338131402554895/user/100046143733481/,0,100046143733481
https://www.facebook.com/groups/588844503184094/user/100046152137312/,0,100046152137312
https://www.facebook.com/groups/588844503184094/user/100046440606758/,0,100046440606758
https://www.facebook.com/groups/338131402554895/user/100047202276467/,0,100047202276467
https://www.facebook.com/groups/338131402554895/user/100047304218953/,0,100047304218953
https://www.facebook.com/groups/338131402554895/user/100047867221058/,0,100047867221058
https://www.facebook.com/groups/588844503184094/user/100047927572623/,0,100047927572623
https://www.facebook.com/groups/338131402554895/user/100048086463990/,0,100048086463990
https://www.facebook.com/groups/338131402554895/user/100048231720397/,0,100048231720397
https://www.facebook.com/groups/338131402554895/user/100048395176221/,0,100048395176221
https://www.facebook.com/groups/338131402554895/user/100048628153890/,0,100048628153890
https://www.facebook.com/groups/588844503184094/user/100048802459387/,0,100048802459387
https://www.facebook.com/groups/588844503184094/user/100048949904169/,0,100048949904169
https://www.facebook.com/groups/338131402554895/user/100049033152026/,0,100049033152026
https://www.facebook.com/groups/588844503184094/user/100049052511777/,0,100049052511777
https://www.facebook.com/groups/338131402554895/user/100049153542440/,0,100049153542440
https://www.facebook.com/groups/338131402554895/user/100049317801940/,0,100049317801940
https://www.facebook.com/groups/338131402554895/user/100049410468299/,0,100049410468299
https://www.facebook.com/groups/338131402554895/user/100049492116167/,0,100049492116167
https://www.facebook.com/groups/588844503184094/user/100049795416580/,0,100049795416580
https://www.facebook.com/groups/588844503184094/user/100049946357131/,0,100049946357131
https://www.facebook.com/groups/338131402554895/user/100049952034329/,0,100049952034329
https://www.facebook.com/groups/338131402554895/user/100050094730929/,0,100050094730929
https://www.facebook.com/groups/338131402554895/user/100050557716309/,0,100050557716309
https://www.facebook.com/groups/588844503184094/user/100050696722777/,0,100050696722777
https://www.facebook.com/groups/588844503184094/user/100050908633238/,0,100050908633238
https://www.facebook.com/groups/588844503184094/user/100051034750144/,0,100051034750144
https://www.facebook.com/groups/338131402554895/user/100051118936017/,0,100051118936017
https://www.facebook.com/groups/588844503184094/user/100051143078375/,0,100051143078375
https://www.facebook.com/groups/338131402554895/user/100051433004671/,0,100051433004671
https://www.facebook.com/groups/338131402554895/user/100051441648483/,0,100051441648483
https://www.facebook.com/groups/338131402554895/user/100052011282010/,0,100052011282010
https://www.facebook.com/groups/588844503184094/user/100052192373684/,0,100052192373684
https://www.facebook.com/groups/338131402554895/user/100052193285512/,0,100052193285512
https://www.facebook.com/groups/588844503184094/user/100052658387670/,0,100052658387670
https://www.facebook.com/groups/338131402554895/user/100052835462782/,0,100052835462782
https://www.facebook.com/groups/588844503184094/user/100052935437594/,0,100052935437594
https://www.facebook.com/groups/338131402554895/user/100052938753651/,0,100052938753651
https://www.facebook.com/groups/588844503184094/user/100052942067359/,0,100052942067359
https://www.facebook.com/groups/338131402554895/user/100053000590927/,0,100053000590927
https://www.facebook.com/groups/338131402554895/user/100053197371627/,0,100053197371627
https://www.facebook.com/groups/588844503184094/user/100053218667163/,0,100053218667163
https://www.facebook.com/groups/338131402554895/user/100053552376053/,0,100053552376053
https://www.facebook.com/groups/338131402554895/user/100053724700665/,0,100053724700665
https://www.facebook.com/groups/588844503184094/user/100053947488929/,0,100053947488929
https://www.facebook.com/groups/338131402554895/user/100053952010271/,0,100053952010271
https://www.facebook.com/groups/588844503184094/user/100053982542440/,0,100053982542440
https://www.facebook.com/groups/588844503184094/user/100054691548015/,0,100054691548015
https://www.facebook.com/groups/588844503184094/user/100054755568728/,0,100054755568728
https://www.facebook.com/groups/338131402554895/user/100054812670504/,0,100054812670504
https://www.facebook.com/groups/588844503184094/user/100055010850880/,0,100055010850880
https://www.facebook.com/groups/588844503184094/user/100055023546308/,0,100055023546308
https://www.facebook.com/groups/338131402554895/user/100055776655566/,0,100055776655566
https://www.facebook.com/groups/338131402554895/user/100056141807297/,0,100056141807297
https://www.facebook.com/groups/588844503184094/user/100056175081817/,0,100056175081817
https://www.facebook.com/groups/588844503184094/user/100056218551376/,0,100056218551376
https://www.facebook.com/groups/338131402554895/user/100056581820249/,0,100056581820249
https://www.facebook.com/groups/588844503184094/user/100056612376153/,0,100056612376153
https://www.facebook.com/groups/588844503184094/user/100057104974243/,0,100057104974243
https://www.facebook.com/groups/338131402554895/user/100057449167032/,0,100057449167032
https://www.facebook.com/groups/338131402554895/user/100057518084809/,0,100057518084809
https://www.facebook.com/groups/588844503184094/user/100057775974583/,0,100057775974583
https://www.facebook.com/groups/588844503184094/user/100058292393416/,0,100058292393416
https://www.facebook.com/groups/338131402554895/user/100058440168870/,0,100058440168870
https://www.facebook.com/groups/588844503184094/user/100058888993890/,0,100058888993890
https://www.facebook.com/groups/338131402554895/user/100059225347863/,0,100059225347863
https://www.facebook.com/groups/338131402554895/user/100060260064615/,0,100060260064615
https://www.facebook.com/groups/338131402554895/user/100060324806275/,0,100060324806275
https://www.facebook.com/groups/588844503184094/user/100060508448251/,0,100060508448251
https://www.facebook.com/groups/338131402554895/user/100062385383040/,0,100062385383040
https://www.facebook.com/groups/338131402554895/user/100062442390268/,0,100062442390268
https://www.facebook.com/groups/588844503184094/user/100062682528942/,0,100062682528942
https://www.facebook.com/groups/338131402554895/user/100063036815789/,0,100063036815789
https://www.facebook.com/groups/338131402554895/user/100063064890712/,0,100063064890712
https://www.facebook.com/groups/588844503184094/user/100063448482716/,0,100063448482716
https://www.facebook.com/groups/338131402554895/user/100063736195541/,0,100063736195541
https://www.facebook.com/groups/338131402554895/user/100063889246762/,0,100063889246762
https://www.facebook.com/groups/338131402554895/user/100064023496728/,0,100064023496728
https://www.facebook.com/groups/588844503184094/user/100064049268314/,0,100064049268314
https://www.facebook.com/groups/338131402554895/user/100064381114037/,0,100064381114037
https://www.facebook.com/groups/588844503184094/user/100064688449281/,0,100064688449281
https://www.facebook.com/groups/588844503184094/user/100064741190947/,0,100064741190947
https://www.facebook.com/groups/338131402554895/user/100064795610111/,0,100064795610111
https://www.facebook.com/groups/588844503184094/user/100064861910049/,0,100064861910049
https://www.facebook.com/groups/588844503184094/user/100065096719845/,0,100065096719845
https://www.facebook.com/groups/338131402554895/user/100065142242852/,0,100065142242852
https://www.facebook.com/groups/338131402554895/user/100065775871924/,0,100065775871924
https://www.facebook.com/groups/338131402554895/user/100066575573882/,0,100066575573882
https://www.facebook.com/groups/338131402554895/user/100066584313910/,0,100066584313910
https://www.facebook.com/groups/338131402554895/user/100067006751028/,0,100067006751028
https://www.facebook.com/groups/338131402554895/user/100067137125142/,0,100067137125142
https://www.facebook.com/groups/588844503184094/user/100067350954286/,0,100067350954286
https://www.facebook.com/groups/338131402554895/user/100067461558216/,0,100067461558216
https://www.facebook.com/groups/338131402554895/user/100067594204817/,0,100067594204817
https://www.facebook.com/groups/588844503184094/user/100067824518993/,0,100067824518993
https://www.facebook.com/groups/588844503184094/user/100067837764354/,0,100067837764354
https://www.facebook.com/groups/588844503184094/user/100067987976065/,0,100067987976065
https://www.facebook.com/groups/588844503184094/user/100068197264187/,0,100068197264187
https://www.facebook.com/groups/338131402554895/user/100070123748922/,0,100070123748922
https://www.facebook.com/groups/338131402554895/user/100070192942213/,0,100070192942213
https://www.facebook.com/groups/338131402554895/user/100070202952274/,0,100070202952274
https://www.facebook.com/groups/588844503184094/user/100070252148448/,0,100070252148448
https://www.facebook.com/groups/588844503184094/user/100070530872559/,0,100070530872559
https://www.facebook.com/groups/338131402554895/user/100070762418734/,0,100070762418734
https://www.facebook.com/groups/338131402554895/user/100070885268574/,0,100070885268574
https://www.facebook.com/groups/338131402554895/user/100071805338753/,0,100071805338753
https://www.facebook.com/groups/338131402554895/user/100071831001436/,0,100071831001436
https://www.facebook.com/groups/588844503184094/user/100071839566543/,0,100071839566543
https://www.facebook.com/groups/588844503184094/user/100073707168237/,0,100073707168237
https://www.facebook.com/groups/338131402554895/user/100073779406582/,0,100073779406582
https://www.facebook.com/groups/338131402554895/user/100074016856602/,0,100074016856602
https://www.facebook.com/groups/338131402554895/user/100074275928697/,0,100074275928697
https://www.facebook.com/groups/588844503184094/user/100074481253279/,0,100074481253279
https://www.facebook.com/groups/338131402554895/user/100074547781954/,0,100074547781954
https://www.facebook.com/groups/588844503184094/user/100074854471333/,0,100074854471333
https://www.facebook.com/groups/338131402554895/user/100075105909934/,0,100075105909934
https://www.facebook.com/groups/588844503184094/user/100075185959711/,0,100075185959711
https://www.facebook.com/groups/588844503184094/user/100075189262415/,0,100075189262415
https://www.facebook.com/groups/338131402554895/user/100075467741815/,0,100075467741815
https://www.facebook.com/groups/338131402554895/user/100075742746111/,0,100075742746111
https://www.facebook.com/groups/338131402554895/user/100075866618258/,0,100075866618258
https://www.facebook.com/groups/588844503184094/user/100075910447682/,0,100075910447682
https://www.facebook.com/groups/338131402554895/user/100076168141409/,0,100076168141409
https://www.facebook.com/groups/338131402554895/user/100076177635712/,0,100076177635712
https://www.facebook.com/groups/338131402554895/user/100076237846830/,0,100076237846830
https://www.facebook.com/groups/338131402554895/user/100076459141598/,0,100076459141598
https://www.facebook.com/groups/588844503184094/user/100076469413463/,0,100076469413463
https://www.facebook.com/groups/588844503184094/user/100076558752008/,0,100076558752008
https://www.facebook.com/groups/588844503184094/user/100076851001409/,0,100076851001409
https://www.facebook.com/groups/338131402554895/user/100077074935939/,0,100077074935939
https://www.facebook.com/groups/588844503184094/user/100077491611441/,0,100077491611441
https://www.facebook.com/groups/338131402554895/user/100077504864877/,0,100077504864877
https://www.facebook.com/groups/588844503184094/user/100077581959768/,0,100077581959768
https://www.facebook.com/groups/338131402554895/user/100077607825394/,0,100077607825394
https://www.facebook.com/groups/338131402554895/user/100077641114888/,0,100077641114888
https://www.facebook.com/groups/588844503184094/user/100077794953544/,0,100077794953544
https://www.facebook.com/groups/338131402554895/user/100077860263767/,0,100077860263767
https://www.facebook.com/groups/588844503184094/user/100078149940735/,0,100078149940735
https://www.facebook.com/groups/588844503184094/user/100078166655598/,0,100078166655598
https://www.facebook.com/groups/338131402554895/user/100078289022792/,0,100078289022792
https://www.facebook.com/groups/338131402554895/user/100078374619413/,0,100078374619413
https://www.facebook.com/groups/338131402554895/user/100078500280857/,0,100078500280857
https://www.facebook.com/groups/588844503184094/user/100078631849801/,0,100078631849801
https://www.facebook.com/groups/588844503184094/user/100078838425522/,0,100078838425522
https://www.facebook.com/groups/338131402554895/user/100078965602093/,0,100078965602093
https://www.facebook.com/groups/588844503184094/user/100079042456556/,0,100079042456556
https://www.facebook.com/groups/338131402554895/user/100079080151054/,0,100079080151054
https://www.facebook.com/groups/338131402554895/user/100079689747849/,0,100079689747849
https://www.facebook.com/groups/338131402554895/user/100080122302785/,0,100080122302785
https://www.facebook.com/groups/338131402554895/user/100080234240928/,0,100080234240928
https://www.facebook.com/groups/338131402554895/user/100080305683531/,0,100080305683531
https://www.facebook.com/groups/588844503184094/user/100080434127599/,0,100080434127599
https://www.facebook.com/groups/338131402554895/user/100080469486194/,0,100080469486194
https://www.facebook.com/groups/338131402554895/user/100080498799246/,0,100080498799246
https://www.facebook.com/groups/338131402554895/user/100080722453528/,0,100080722453528
https://www.facebook.com/groups/588844503184094/user/100080892858553/,0,100080892858553
https://www.facebook.com/groups/588844503184094/user/100080944235626/,0,100080944235626
https://www.facebook.com/groups/338131402554895/user/100082166865707/,0,100082166865707
https://www.facebook.com/groups/338131402554895/user/100082217004288/,0,100082217004288
https://www.facebook.com/groups/338131402554895/user/100082818337957/,0,100082818337957
https://www.facebook.com/groups/338131402554895/user/100083061532604/,0,100083061532604
https://www.facebook.com/groups/338131402554895/user/100083351004705/,0,100083351004705
https://www.facebook.com/groups/588844503184094/user/100083591200308/,0,100083591200308
https://www.facebook.com/groups/588844503184094/user/100083666263040/,0,100083666263040
https://www.facebook.com/groups/588844503184094/user/100083667789191/,0,100083667789191
https://www.facebook.com/groups/588844503184094/user/100083731068500/,0,100083731068500
https://www.facebook.com/groups/588844503184094/user/100083744919686/,0,100083744919686
https://www.facebook.com/groups/588844503184094/user/100084063125103/,0,100084063125103
https://www.facebook.com/groups/338131402554895/user/100084077474018/,0,100084077474018
https://www.facebook.com/groups/588844503184094/user/100084079774268/,0,100084079774268
https://www.facebook.com/groups/588844503184094/user/100084112428436/,0,100084112428436
https://www.facebook.com/groups/588844503184094/user/100084401526078/,0,100084401526078
https://www.facebook.com/groups/588844503184094/user/100084856411113/,0,100084856411113
https://www.facebook.com/groups/338131402554895/user/100084861137829/,0,100084861137829
https://www.facebook.com/groups/338131402554895/user/100085150905413/,0,100085150905413
https://www.facebook.com/groups/588844503184094/user/100085454546975/,0,100085454546975
https://www.facebook.com/groups/338131402554895/user/100085899554141/,0,100085899554141
https://www.facebook.com/groups/588844503184094/user/100085918248588/,0,100085918248588
https://www.facebook.com/groups/338131402554895/user/100085924483258/,0,100085924483258
https://www.facebook.com/groups/588844503184094/user/100085951008833/,0,100085951008833
https://www.facebook.com/groups/588844503184094/user/100086471562211/,0,100086471562211
https://www.facebook.com/groups/588844503184094/user/100086513550484/,0,100086513550484
https://www.facebook.com/groups/588844503184094/user/100086664674783/,0,100086664674783
https://www.facebook.com/groups/338131402554895/user/100086885245820/,0,100086885245820
https://www.facebook.com/groups/588844503184094/user/100087162739293/,0,100087162739293
https://www.facebook.com/groups/588844503184094/user/100088834265110/,0,100088834265110
https://www.facebook.com/groups/338131402554895/user/100089047103523/,0,100089047103523
https://www.facebook.com/groups/588844503184094/user/100089123663666/,0,100089123663666
https://www.facebook.com/groups/588844503184094/user/100089136828220/,0,100089136828220
https://www.facebook.com/groups/588844503184094/user/100089223587544/,0,100089223587544
https://www.facebook.com/groups/338131402554895/user/100089246873556/,0,100089246873556
https://www.facebook.com/groups/588844503184094/user/100089755672296/,0,100089755672296
https://www.facebook.com/groups/588844503184094/user/100089815715697/,0,100089815715697
https://www.facebook.com/groups/588844503184094/user/100090297950178/,0,100090297950178
https://www.facebook.com/groups/338131402554895/user/100090354545763/,0,100090354545763
https://www.facebook.com/groups/338131402554895/user/100091392993492/,0,100091392993492
https://www.facebook.com/groups/338131402554895/user/100091524536218/,0,100091524536218
https://www.facebook.com/groups/588844503184094/user/100091701832786/,0,100091701832786
https://www.facebook.com/groups/338131402554895/user/100091806602662/,0,100091806602662
https://www.facebook.com/groups/338131402554895/user/100092027910689/,0,100092027910689
https://www.facebook.com/groups/338131402554895/user/100092032741520/,0,100092032741520
https://www.facebook.com/groups/338131402554895/user/100092329356021/,0,100092329356021
https://www.facebook.com/groups/338131402554895/user/100092490073980/,0,100092490073980
https://www.facebook.com/groups/588844503184094/user/100092620680349/,0,100092620680349
https://www.facebook.com/groups/588844503184094/user/100092669607108/,0,100092669607108
https://www.facebook.com/groups/588844503184094/user/100092984117084/,0,100092984117084
https://www.facebook.com/groups/338131402554895/user/100093308875823/,0,100093308875823
https://www.facebook.com/groups/338131402554895/user/100093417117965/,0,100093417117965
https://www.facebook.com/groups/338131402554895/user/100094507682197/,0,100094507682197
https://www.facebook.com/groups/588844503184094/user/100094521747072/,0,100094521747072
https://www.facebook.com/groups/588844503184094/user/100094905727466/,0,100094905727466
https://www.facebook.com/groups/338131402554895/user/100095056552656/,0,100095056552656
https://www.facebook.com/groups/588844503184094/user/100095182313774/,0,100095182313774
https://www.facebook.com/groups/588844503184094/user/100095493546156/,0,100095493546156
https://www.facebook.com/groups/588844503184094/user/100095500473146/,0,100095500473146
